participant_id	age	sex	hand	weight	height	group	species	bci_experience
sub-1	30.6	n/a	R	n/a	n/a	healthy	human	naive
sub-10	30.6	n/a	R	n/a	n/a	healthy	human	naive
sub-11	30.6	n/a	R	n/a	n/a	healthy	human	naive
sub-12	30.6	n/a	R	n/a	n/a	healthy	human	naive
sub-13	30.6	n/a	R	n/a	n/a	healthy	human	naive
sub-14	30.6	n/a	R	n/a	n/a	healthy	human	naive
sub-15	30.6	n/a	R	n/a	n/a	healthy	human	naive
sub-2	30.6	n/a	R	n/a	n/a	healthy	human	naive
sub-3	30.6	n/a	R	n/a	n/a	healthy	human	naive
sub-4	30.6	n/a	R	n/a	n/a	healthy	human	naive
sub-5	30.6	n/a	R	n/a	n/a	healthy	human	naive
sub-6	30.6	n/a	R	n/a	n/a	healthy	human	naive
sub-7	30.6	n/a	R	n/a	n/a	healthy	human	naive
sub-8	30.6	n/a	R	n/a	n/a	healthy	human	naive
sub-9	30.6	n/a	R	n/a	n/a	healthy	human	naive
