onset	duration	trial_type	value	sample
36.78	1.5	Target	2	7356
39.805	1.5	NonTarget	1	7961
66.775	1.5	Target	2	13355
69.785	1.5	NonTarget	1	13957
98.775	1.5	Target	2	19755
101.785	1.5	NonTarget	1	20357
143.77	1.5	Target	2	28754
146.775	1.5	NonTarget	1	29355
177.775	1.5	Target	2	35555
180.8	1.5	NonTarget	1	36160
217.765	1.5	Target	2	43553
220.775	1.5	NonTarget	1	44155
251.78	1.5	Target	2	50356
254.765	1.5	NonTarget	1	50953
285.77	1.5	Target	2	57154
288.775	1.5	NonTarget	1	57755
314.765	1.5	Target	2	62953
317.77	1.5	NonTarget	1	63554
351.765	1.5	Target	2	70353
354.77	1.5	NonTarget	1	70954
384.775	1.5	Target	2	76955
387.76	1.5	NonTarget	1	77552
409.765	1.5	Target	2	81953
412.76	1.5	NonTarget	1	82552
447.755	1.5	Target	2	89551
450.765	1.5	NonTarget	1	90153
478.775	1.5	Target	2	95755
481.76	1.5	NonTarget	1	96352
506.765	1.5	Target	2	101353
509.77	1.5	NonTarget	1	101954
534.76	1.5	Target	2	106952
537.77	1.5	NonTarget	1	107554
581.755	1.5	Target	2	116351
584.76	1.5	NonTarget	1	116952
622.76	1.5	Target	2	124552
625.75	1.5	NonTarget	1	125150
646.765	1.5	Target	2	129353
649.755	1.5	NonTarget	1	129951
688.76	1.5	Target	2	137752
691.745	1.5	NonTarget	1	138349
718.76	1.5	Target	2	143752
721.745	1.5	NonTarget	1	144349
762.76	1.5	Target	2	152552
765.75	1.5	NonTarget	1	153150
805.74	1.5	Target	2	161148
808.75	1.5	NonTarget	1	161750
835.755	1.5	Target	2	167151
838.745	1.5	NonTarget	1	167749
869.75	1.5	Target	2	173950
872.74	1.5	NonTarget	1	174548
905.75	1.5	Target	2	181150
908.75	1.5	NonTarget	1	181750
938.77	1.5	Target	2	187754
941.755	1.5	NonTarget	1	188351
978.765	1.5	Target	2	195753
981.735	1.5	NonTarget	1	196347
1004.735	1.5	Target	2	200947
1040.745	1.5	Target	2	208149
1043.75	1.5	NonTarget	1	208750
1069.74	1.5	Target	2	213948
1072.73	1.5	NonTarget	1	214546
1110.735	1.5	Target	2	222147
1113.74	1.5	NonTarget	1	222748
1152.745	1.5	Target	2	230549
1155.73	1.5	NonTarget	1	231146
1176.745	1.5	Target	2	235349
1179.735	1.5	NonTarget	1	235947
1208.735	1.5	Target	2	241747
1211.73	1.5	NonTarget	1	242346
1234.735	1.5	Target	2	246947
1237.725	1.5	NonTarget	1	247545
1274.735	1.5	Target	2	254947
1277.725	1.5	NonTarget	1	255545
1309.74	1.5	Target	2	261948
1312.73	1.5	NonTarget	1	262546
1334.725	1.5	Target	2	266945
1337.725	1.5	NonTarget	1	267545
1367.73	1.5	Target	2	273546
1370.75	1.5	NonTarget	1	274150
1406.72	1.5	Target	2	281344
1409.73	1.5	NonTarget	1	281946
1451.74	1.5	Target	2	290348
1454.73	1.5	NonTarget	1	290946
1482.735	1.5	Target	2	296547
1485.73	1.5	NonTarget	1	297146
1513.725	1.5	Target	2	302745
1516.715	1.5	NonTarget	1	303343
1546.735	1.5	Target	2	309347
1549.72	1.5	NonTarget	1	309944
1586.74	1.5	Target	2	317348
1589.725	1.5	NonTarget	1	317945
1623.735	1.5	NonTarget	1	324747
1670.735	1.5	Target	2	334147
1673.72	1.5	NonTarget	1	334744
1704.715	1.5	Target	2	340943
1707.72	1.5	NonTarget	1	341544
1729.715	1.5	Target	2	345943
1732.735	1.5	NonTarget	1	346547
1762.715	1.5	Target	2	352543
1765.7	1.5	NonTarget	1	353140
1804.71	1.5	Target	2	360942
1807.73	1.5	NonTarget	1	361546
1851.71	1.5	Target	2	370342
1854.715	1.5	NonTarget	1	370943
1885.715	1.5	Target	2	377143
1888.72	1.5	NonTarget	1	377744
1920.73	1.5	Target	2	384146
1923.7	1.5	NonTarget	1	384740
1960.705	1.5	Target	2	392141
1963.71	1.5	NonTarget	1	392742
1984.7	1.5	Target	2	396940
1987.72	1.5	NonTarget	1	397544
2025.725	1.5	Target	2	405145
2028.7	1.5	NonTarget	1	405740
2056.715	1.5	Target	2	411343
2059.7	1.5	NonTarget	1	411940
2085.71	1.5	Target	2	417142
2088.7	1.5	NonTarget	1	417740
2119.695	1.5	Target	2	423939
2122.72	1.5	NonTarget	1	424544
2154.71	1.5	Target	2	430942
2157.695	1.5	NonTarget	1	431539
2183.71	1.5	Target	2	436742
2186.695	1.5	NonTarget	1	437339
2217.7	1.5	Target	2	443540
2220.7	1.5	NonTarget	1	444140
2263.705	1.5	Target	2	452741
2266.695	1.5	NonTarget	1	453339
2309.7	1.5	Target	2	461940
2312.685	1.5	NonTarget	1	462537
2342.685	1.5	Target	2	468537
2345.69	1.5	NonTarget	1	469138
2385.69	1.5	Target	2	477138
2388.71	1.5	NonTarget	1	477742
2422.685	1.5	Target	2	484537
2425.69	1.5	NonTarget	1	485138
2462.695	1.5	Target	2	492539
2465.68	1.5	NonTarget	1	493136
2504.695	1.5	Target	2	500939
2507.68	1.5	NonTarget	1	501536
2543.705	1.5	Target	2	508741
2546.7	1.5	NonTarget	1	509340
2570.705	1.5	Target	2	514141
2573.695	1.5	NonTarget	1	514739
2610.68	1.5	Target	2	522136
2613.685	1.5	NonTarget	1	522737
2635.695	1.5	Target	2	527139
2638.68	1.5	NonTarget	1	527736
2669.68	1.5	Target	2	533936
2672.67	1.5	NonTarget	1	534534
2698.68	1.5	Target	2	539736
2737.38	1.5	Target	2	547476
2740.38	1.5	NonTarget	1	548076
2768.39	1.5	Target	2	553678
2771.385	1.5	NonTarget	1	554277
2808.37	1.5	Target	2	561674
2811.375	1.5	NonTarget	1	562275
2848.38	1.5	Target	2	569676
2851.37	1.5	NonTarget	1	570274
2882.37	1.5	Target	2	576474
2885.39	1.5	NonTarget	1	577078
2912.37	1.5	Target	2	582474
2915.395	1.5	NonTarget	1	583079
2950.37	1.5	Target	2	590074
2953.375	1.5	NonTarget	1	590675
2980.365	1.5	Target	2	596073
2983.355	1.5	NonTarget	1	596671
3026.365	1.5	Target	2	605273
3029.365	1.5	NonTarget	1	605873
3058.385	1.5	Target	2	611677
3061.355	1.5	NonTarget	1	612271
3101.36	1.5	Target	2	620272
3104.38	1.5	NonTarget	1	620876
3141.355	1.5	Target	2	628271
3144.365	1.5	NonTarget	1	628873
3170.365	1.5	Target	2	634073
3173.35	1.5	NonTarget	1	634670
3200.36	1.5	Target	2	640072
3203.35	1.5	NonTarget	1	640670
3229.36	1.5	Target	2	645872
3232.345	1.5	NonTarget	1	646469
3271.36	1.5	Target	2	654272
3274.345	1.5	NonTarget	1	654869
3312.35	1.5	Target	2	662470
3315.355	1.5	NonTarget	1	663071
3357.355	1.5	Target	2	671471
3360.35	1.5	NonTarget	1	672070
3384.345	1.5	Target	2	676869
3387.345	1.5	NonTarget	1	677469
3409.345	1.5	Target	2	681869
3412.355	1.5	NonTarget	1	682471
3452.345	1.5	Target	2	690469
3455.335	1.5	NonTarget	1	691067
3479.355	1.5	Target	2	695871
3482.345	1.5	NonTarget	1	696469
3522.35	1.5	Target	2	704470
3525.34	1.5	NonTarget	1	705068
3563.365	1.5	Target	2	712673
3566.335	1.5	NonTarget	1	713267
3601.35	1.5	Target	2	720270
3604.335	1.5	NonTarget	1	720867
3635.34	1.5	Target	2	727068
3638.345	1.5	NonTarget	1	727669
3664.34	1.5	Target	2	732868
3667.345	1.5	NonTarget	1	733469
3706.355	1.5	Target	2	741271
3709.36	1.5	NonTarget	1	741872
3746.34	1.5	Target	2	749268
3749.33	1.5	NonTarget	1	749866
3773.33	1.5	Target	2	754666
3776.355	1.5	NonTarget	1	755271
3802.33	1.5	Target	2	760466
3805.345	1.5	NonTarget	1	761069
3844.335	1.5	Target	2	768867
3847.33	1.5	NonTarget	1	769466
3873.34	1.5	Target	2	774668
3876.325	1.5	NonTarget	1	775265
3906.33	1.5	Target	2	781266
3909.35	1.5	NonTarget	1	781870
3933.335	1.5	Target	2	786667
3936.32	1.5	NonTarget	1	787264
3957.325	1.5	Target	2	791465
3960.345	1.5	NonTarget	1	792069
3985.325	1.5	Target	2	797065
3988.325	1.5	NonTarget	1	797665
4020.32	1.5	Target	2	804064
4023.32	1.5	NonTarget	1	804664
4059.32	1.5	Target	2	811864
4062.345	1.5	NonTarget	1	812469
4095.325	1.5	Target	2	819065
4098.325	1.5	NonTarget	1	819665
4127.33	1.5	Target	2	825466
4130.315	1.5	NonTarget	1	826063
4161.33	1.5	Target	2	832266
4164.315	1.5	NonTarget	1	832863
4196.33	1.5	Target	2	839266
4199.315	1.5	NonTarget	1	839863
4232.325	1.5	Target	2	846465
4235.315	1.5	NonTarget	1	847063
4265.315	1.5	Target	2	853063
4268.335	1.5	NonTarget	1	853667
4294.325	1.5	Target	2	858865
4297.315	1.5	NonTarget	1	859463
4322.315	1.5	Target	2	864463
4325.305	1.5	NonTarget	1	865061
4353.32	1.5	Target	2	870664
4356.305	1.5	NonTarget	1	871261
4388.31	1.5	Target	2	877662
4391.315	1.5	NonTarget	1	878263
4433.3	1.5	NonTarget	1	886660
4463.315	1.5	Target	2	892663
4466.305	1.5	NonTarget	1	893261
4490.3	1.5	Target	2	898060
4493.305	1.5	NonTarget	1	898661
4523.33	1.5	Target	2	904666
4526.32	1.5	NonTarget	1	905264
4565.31	1.5	Target	2	913062
4568.315	1.5	NonTarget	1	913663
4589.305	1.5	Target	2	917861
4592.305	1.5	NonTarget	1	918461
4618.305	1.5	Target	2	923661
4621.295	1.5	NonTarget	1	924259
4649.305	1.5	Target	2	929861
4652.29	1.5	NonTarget	1	930458
4688.31	1.5	Target	2	937662
4691.295	1.5	NonTarget	1	938259
4734.3	1.5	Target	2	946860
4737.3	1.5	NonTarget	1	947460
4762.29	1.5	Target	2	952458
4765.31	1.5	NonTarget	1	953062
4821.3	1.5	Target	2	964260
4824.29	1.5	NonTarget	1	964858
4850.3	1.5	Target	2	970060
4853.315	1.5	NonTarget	1	970663
4892.295	1.5	Target	2	978459
4895.295	1.5	NonTarget	1	979059
4924.29	1.5	Target	2	984858
4927.3	1.5	NonTarget	1	985460
4956.3	1.5	Target	2	991260
4959.29	1.5	NonTarget	1	991858
4996.295	1.5	Target	2	999259
4999.28	1.5	NonTarget	1	999856
5034.295	1.5	Target	2	1006859
5037.275	1.5	NonTarget	1	1007455
5071.295	1.5	Target	2	1014259
5074.285	1.5	NonTarget	1	1014857
5095.28	1.5	Target	2	1019056
5098.3	1.5	NonTarget	1	1019660
5135.28	1.5	Target	2	1027056
5138.285	1.5	NonTarget	1	1027657
5177.28	1.5	Target	2	1035456
5180.285	1.5	NonTarget	1	1036057
5211.275	1.5	Target	2	1042255
5214.28	1.5	NonTarget	1	1042856
5240.285	1.5	Target	2	1048057
5243.27	1.5	NonTarget	1	1048654
5283.285	1.5	Target	2	1056657
5286.27	1.5	NonTarget	1	1057254
5310.275	1.5	Target	2	1062055
5313.28	1.5	NonTarget	1	1062656
5342.28	1.5	Target	2	1068456
5345.265	1.5	NonTarget	1	1069053
5370.295	1.5	Target	2	1074059
5373.285	1.5	NonTarget	1	1074657
5432.685	1.5	NonTarget	1	1086537
5472.68	1.5	Target	2	1094536
5475.68	1.5	NonTarget	1	1095136
5507.67	1.5	Target	2	1101534
5510.675	1.5	NonTarget	1	1102135
5537.69	1.5	Target	2	1107538
5540.68	1.5	NonTarget	1	1108136
5565.675	1.5	Target	2	1113135
5568.685	1.5	NonTarget	1	1113737
5622.665	1.5	Target	2	1124533
5625.675	1.5	NonTarget	1	1125135
5654.67	1.5	Target	2	1130934
5657.675	1.5	NonTarget	1	1131535
5687.69	1.5	Target	2	1137538
5690.665	1.5	NonTarget	1	1138133
5716.665	1.5	Target	2	1143333
5719.66	1.5	NonTarget	1	1143932
5741.67	1.5	Target	2	1148334
5744.66	1.5	NonTarget	1	1148932
5770.665	1.5	Target	2	1154133
5773.675	1.5	NonTarget	1	1154735
5812.675	1.5	Target	2	1162535
5815.665	1.5	NonTarget	1	1163133
5855.665	1.5	Target	2	1171133
5858.655	1.5	NonTarget	1	1171731
5882.67	1.5	Target	2	1176534
5885.66	1.5	NonTarget	1	1177132
5914.655	1.5	Target	2	1182931
5917.66	1.5	NonTarget	1	1183532
5953.665	1.5	Target	2	1190733
5956.65	1.5	NonTarget	1	1191330
5990.665	1.5	Target	2	1198133
5993.65	1.5	NonTarget	1	1198730
6030.67	1.5	Target	2	1206134
6033.675	1.5	NonTarget	1	1206735
6059.65	1.5	Target	2	1211930
6098.67	1.5	Target	2	1219734
6101.66	1.5	NonTarget	1	1220332
6137.655	1.5	Target	2	1227531
6140.645	1.5	NonTarget	1	1228129
6177.655	1.5	Target	2	1235531
6180.66	1.5	NonTarget	1	1236132
6208.655	1.5	Target	2	1241731
6211.64	1.5	NonTarget	1	1242328
6238.66	1.5	Target	2	1247732
6241.65	1.5	NonTarget	1	1248330
6277.66	1.5	Target	2	1255532
6280.645	1.5	NonTarget	1	1256129
6318.645	1.5	Target	2	1263729
6321.635	1.5	NonTarget	1	1264327
6348.645	1.5	Target	2	1269729
6351.65	1.5	NonTarget	1	1270330
6391.65	1.5	Target	2	1278330
6394.635	1.5	NonTarget	1	1278927
6444.655	1.5	Target	2	1288931
6447.64	1.5	NonTarget	1	1289528
6470.66	1.5	Target	2	1294132
6473.63	1.5	NonTarget	1	1294726
6502.655	1.5	Target	2	1300531
6505.64	1.5	NonTarget	1	1301128
6531.64	1.5	Target	2	1306328
6534.63	1.5	NonTarget	1	1306926
6557.64	1.5	Target	2	1311528
6560.63	1.5	NonTarget	1	1312126
6591.64	1.5	Target	2	1318328
6594.63	1.5	NonTarget	1	1318926
6633.64	1.5	Target	2	1326728
6636.625	1.5	NonTarget	1	1327325
6687.63	1.5	NonTarget	1	1337526
6710.63	1.5	Target	2	1342126
6713.63	1.5	NonTarget	1	1342726
6748.63	1.5	Target	2	1349726
6751.62	1.5	NonTarget	1	1350324
6775.635	1.5	Target	2	1355127
6778.625	1.5	NonTarget	1	1355725
6803.645	1.5	Target	2	1360729
6806.635	1.5	NonTarget	1	1361327
6832.64	1.5	Target	2	1366528
6835.63	1.5	NonTarget	1	1367126
6879.635	1.5	Target	2	1375927
6882.62	1.5	NonTarget	1	1376524
6903.615	1.5	Target	2	1380723
6906.62	1.5	NonTarget	1	1381324
6928.64	1.5	Target	2	1385728
6931.64	1.5	NonTarget	1	1386328
6967.64	1.5	Target	2	1393528
6970.625	1.5	NonTarget	1	1394125
7000.645	1.5	Target	2	1400129
7003.625	1.5	NonTarget	1	1400725
7028.625	1.5	Target	2	1405725
7031.61	1.5	NonTarget	1	1406322
7059.625	1.5	Target	2	1411925
7062.61	1.5	NonTarget	1	1412522
7089.635	1.5	Target	2	1417927
7092.62	1.5	NonTarget	1	1418524
7113.615	1.5	Target	2	1422723
7116.625	1.5	NonTarget	1	1423325
7160.63	1.5	Target	2	1432126
7163.615	1.5	NonTarget	1	1432723
7197.61	1.5	Target	2	1439522
7200.615	1.5	NonTarget	1	1440123
7233.61	1.5	Target	2	1446722
7236.61	1.5	NonTarget	1	1447322
7283.61	1.5	Target	2	1456722
7286.6	1.5	NonTarget	1	1457320
7328.63	1.5	Target	2	1465726
7331.6	1.5	NonTarget	1	1466320
7389.61	1.5	Target	2	1477922
7392.605	1.5	NonTarget	1	1478521
7426.61	1.5	Target	2	1485322
7429.6	1.5	NonTarget	1	1485920
7498.61	1.5	Target	2	1499722
7501.6	1.5	NonTarget	1	1500320
7552.6	1.5	Target	2	1510520
7555.59	1.5	NonTarget	1	1511118
7588.6	1.5	Target	2	1517720
7591.59	1.5	NonTarget	1	1518318
7618.6	1.5	Target	2	1523720
7621.605	1.5	NonTarget	1	1524321
7667.595	1.5	Target	2	1533519
7670.6	1.5	NonTarget	1	1534120
7699.585	1.5	Target	2	1539917
7702.59	1.5	NonTarget	1	1540518
7752.615	1.5	Target	2	1550523
7755.585	1.5	NonTarget	1	1551117
7783.595	1.5	Target	2	1556719
7786.585	1.5	NonTarget	1	1557317
7827.585	1.5	Target	2	1565517
7830.59	1.5	NonTarget	1	1566118
7869.61	1.5	Target	2	1573922
7872.6	1.5	NonTarget	1	1574520
7920.585	1.5	Target	2	1584117
7923.59	1.5	NonTarget	1	1584718
7972.59	1.5	Target	2	1594518
7975.575	1.5	NonTarget	1	1595115
8019.585	1.5	Target	2	1603917
8022.575	1.5	NonTarget	1	1604515
8060.575	1.5	Target	2	1612115
8063.58	1.5	NonTarget	1	1612716
8087.585	1.5	Target	2	1617517
8090.57	1.5	NonTarget	1	1618114
